order_id,customer_id,order_date
1,6,2025-08-16
2,298,2025-08-15
3,257,2025-01-26
4,44,2025-05-26
5,106,2025-12-23
6,232,2025-11-04
7,12,2025-04-22
8,125,2026-07-20
9,237,2026-02-19
10,222,2025-07-22
11,3,2025-07-30
12,33,2026-07-04
13,235,2026-05-17
14,199,2025-04-27
15,89,11-01-2025
16,69,2025-09-02
17,73,2026-03-05
18,217,2026-07-05
19,89,2026-05-17
20,231,01-03-2026
21,100,2026-07-30
22,252,2026-03-31
23,16,2025-08-14
24,276,2026-04-14
25,254,2025-04-26
26,279,2026-01-11
27,226,2026-03-12
28,127,2025-02-03
29,45,01/05/2025
30,180,2026-03-15
31,106,2025-03-02
32,276,2025-10-27
33,264,2025-04-08
34,211,11/10/2025
35,68,26/11/2025
36,202,2025-10-03
37,39,2025-04-06
38,189,
39,48,2026-04-15
40,33,2026-02-12
41,109,27/11/2025
42,296,12/05/2026
43,25,2026-04-16
44,81,01-01-2025
45,68,2025-11-06
46,141,2026-01-05
47,85,09/11/2025
48,220,2025-04-08
49,68,
50,176,2026-03-09
51,118,2025-04-15
52,154,2025-05-17
53,36,2025-01-09
54,180,06-05-2025
55,227,30/03/2025
56,64,2026-01-29
57,72,2025-03-28
58,146,28/01/2025
59,155,2026-06-06
60,28,2025-09-03
61,256,2025-03-14
62,185,2025-05-16
63,216,26/06/2025
64,354,2025-01-15
65,31,2026-02-12
66,257,10/03/2026
67,275,2025-06-06
68,262,2025-06-09
69,34,24/03/2026
70,30,2026-03-21
71,29,2025-06-29
72,6,2025-12-22
73,133,10/05/2025
74,61,2025-01-31
75,269,2025-03-20
76,29,2025-06-20
77,53,2025-04-29
78,23,2025-01-13
79,197,07-03-2025
80,284,2026-03-06
81,164,2025-03-21
82,27,06-13-2026
83,36,17/10/2025
84,45,2025-01-09
85,156,2025-09-06
86,253,20/07/2025
87,126,2026-02-24
88,5,02/01/2025
89,158,06-27-2026
90,31,26/05/2025
91,119,2026-06-17
92,235,2025-03-28
93,202,2025-03-05
94,122,11-19-2025
95,168,2025-10-06
96,70,2025-04-22
97,239,2025-05-04
98,107,2026-04-20
99,81,08/11/2025
100,21,2025-12-02
101,183,2025-02-20
102,90,19/02/2026
103,282,2026-04-19
104,399,2025-08-16
105,191,2025-03-28
106,39,2025-03-08
107,66,2025-12-06
108,26,20/03/2026
109,16,2026-03-13
110,96,02/04/2026
111,126,2026-05-26
112,32,2026-01-28
113,270,11/07/2026
114,184,2026-05-12
115,165,2025-07-04
116,16,2025-10-15
117,272,08-27-2025
118,124,27/02/2025
119,295,2026-02-02
120,89,22/11/2025
121,15,12-27-2025
122,289,2026-05-20
123,20,
124,389,26/07/2025
125,91,2025-11-28
126,73,23/06/2026
127,192,2026-02-10
128,166,11/06/2025
129,250,28/06/2025
130,183,2025-06-29
131,151,01-02-2025
132,201,2025-02-03
133,114,04-17-2025
134,40,2025-11-24
135,46,2025-12-10
136,128,2025-12-25
137,1,25/03/2026
138,212,2026-01-23
139,246,2025-08-19
140,18,2025-11-23
141,176,2026-01-20
142,48,10/05/2026
143,85,2026-03-21
144,106,2026-02-24
145,277,2025-10-16
146,202,2026-05-18
147,219,
148,88,2025-03-25
149,204,2025-09-29
150,95,2026-01-26
151,135,2025-09-27
152,32,2025-04-10
153,278,2025-08-21
154,268,2026-07-03
155,294,2026-05-03
156,18,14/06/2026
157,76,2026-04-05
158,109,2025-05-10
159,223,01/06/2025
160,35,2026-07-24
161,142,13/01/2025
162,268,2025-04-26
163,299,04-13-2025
164,52,03/07/2026
165,136,2026-05-13
166,89,2025-05-28
167,206,2025-12-06
168,244,2026-01-17
169,156,19/05/2026
170,117,30/03/2026
171,214,2025-04-02
172,209,13/06/2026
173,264,2025-03-09
174,70,
175,99,25/07/2025
176,234,05/01/2026
177,238,2025-05-07
178,251,07-01-2025
179,283,17/06/2025
180,47,2026-01-31
181,110,2025-08-19
182,210,2025-01-10
183,89,2025-01-09
184,157,2025-10-09
185,179,2025-08-12
186,204,2025-01-08
187,192,2025-10-17
188,33,2025-10-11
189,134,2025-11-02
190,124,2026-02-18
191,14,2025-10-30
192,199,2025-07-14
193,274,05-03-2026
194,260,24/06/2025
195,93,2026-04-28
196,287,07-07-2025
197,46,17/08/2025
198,170,2025-10-29
199,28,2025-03-14
200,62,2026-01-26
201,78,2025-07-25
202,235,04/07/2025
203,91,2025-03-01
204,87,2025-06-12
205,46,2026-03-21
206,245,2025-02-08
207,8,2026-06-28
208,128,2025-12-19
209,258,2025-06-21
210,149,2026-06-17
211,69,2026-05-17
212,364,
213,259,11/01/2026
214,193,19/09/2025
215,25,2025-01-21
216,228,2026-07-15
217,106,2025-01-10
218,267,2025-05-21
219,262,2025-05-01
220,255,24/07/2025
221,104,2026-02-24
222,255,
223,46,2026-05-21
224,262,04-14-2025
225,234,2025-10-31
226,90,2025-10-25
227,219,08/04/2025
228,5,2025-06-24
229,138,2025-04-06
230,59,2026-04-13
231,245,2025-06-20
232,31,2025-06-13
233,248,2026-03-25
234,184,2025-05-14
235,211,2025-03-06
236,269,08-18-2025
237,174,2025-04-08
238,247,2026-01-30
239,360,02/06/2026
240,85,2026-05-19
241,143,2025-08-17
242,121,31/03/2026
243,256,05-02-2025
244,10,2026-02-27
245,47,08/11/2025
246,234,08/01/2026
247,233,30/04/2026
248,232,2025-08-16
249,150,18/01/2026
250,85,2026-02-24
251,97,2026-02-07
252,98,21/04/2025
253,64,2026-04-07
254,259,2026-05-26
255,284,05-10-2026
256,91,27/06/2025
257,199,2025-11-26
258,128,12-18-2025
259,69,2026-06-09
260,161,2026-07-21
261,149,05-16-2025
262,92,27/11/2025
263,288,2026-03-04
264,274,09/03/2026
265,13,2025-02-24
266,83,2025-09-14
267,152,2026-07-09
268,53,30/07/2026
269,288,08/06/2026
270,148,02-18-2025
271,161,2025-02-25
272,227,12/01/2026
273,101,2025-07-18
274,39,27/06/2025
275,21,2026-07-24
276,379,2025-06-08
277,27,2025-11-05
278,184,2025-11-22
279,267,2026-06-02
280,207,15/08/2025
281,170,08-12-2025
282,244,2025-01-10
283,124,09-07-2025
284,165,2025-04-27
285,145,14/06/2026
286,261,2025-02-14
287,165,2025-04-09
288,276,2025-03-09
289,110,11/03/2026
290,223,15/03/2025
291,236,2025-02-08
292,129,08-22-2025
293,231,2026-03-20
294,61,06/03/2025
295,38,2026-05-30
296,155,16/10/2025
297,203,2025-02-01
298,70,2026-07-13
299,153,
300,285,2025-02-12
301,276,2025-03-29
302,177,2026-06-09
303,130,2025-07-05
304,28,2026-07-17
305,149,2025-09-14
306,250,2026-01-01
307,52,03-13-2025
308,231,2025-11-10
309,291,11-20-2025
310,161,15/08/2025
311,142,2025-05-18
312,246,03/01/2026
313,56,25/03/2025
314,72,2025-07-21
315,40,20/01/2025
316,298,08-06-2025
317,279,2026-07-07
318,188,2025-10-25
319,47,2026-05-30
320,85,2025-05-24
321,290,30/05/2025
322,184,2026-05-15
323,120,2025-07-31
324,199,11/04/2026
325,166,2026-06-18
326,135,2025-06-28
327,40,01-21-2026
328,208,2025-12-20
329,4,2025-05-23
330,264,2025-08-05
331,61,01/03/2026
332,247,2026-05-06
333,211,2025-02-14
334,69,10/02/2025
335,86,2025-07-04
336,289,10-18-2025
337,242,2025-06-24
338,74,2025-07-06
339,86,12-17-2025
340,36,
341,268,2026-06-01
342,50,09/02/2025
343,61,05-14-2025
344,1,2026-03-18
345,23,2026-03-16
346,196,2025-04-11
347,120,2025-03-27
348,210,06/01/2025
349,296,2026-06-17
350,162,2025-04-20
351,130,2026-07-03
352,142,11/02/2026
353,286,2026-01-15
354,158,12/02/2026
355,61,03/04/2026
356,52,15/02/2026
357,27,06/01/2025
358,242,2026-03-22
359,190,08/02/2025
360,206,2026-06-18
361,30,2025-06-29
362,104,2026-06-15
363,262,2025-08-26
364,185,01-01-2025
365,142,2025-12-28
366,103,03-12-2025
367,287,2025-12-23
368,116,2025-07-19
369,3,2026-02-21
370,258,30/04/2025
371,276,2025-09-14
372,289,07/09/2025
373,235,2025-01-29
374,196,2025-08-14
375,162,
376,135,2025-04-06
377,176,2025-07-02
378,294,2025-07-14
379,124,2025-07-31
380,183,2025-04-20
381,253,07-09-2026
382,191,20/05/2026
383,295,2026-05-18
384,262,16/08/2025
385,270,05-05-2026
386,178,2025-06-28
387,266,2025-01-09
388,298,2026-01-06
389,281,2025-10-03
390,188,2026-03-11
391,191,2026-02-15
392,68,23/08/2025
393,121,2026-01-26
394,77,2025-01-10
395,265,20/11/2025
396,288,2025-02-18
397,31,2025-09-18
398,231,2025-09-24
399,132,2026-02-26
400,102,2026-07-06
401,182,2026-06-07
402,41,2025-10-21
403,86,2025-12-12
404,208,2025-03-15
405,161,26/10/2025
406,203,01/04/2026
407,267,2026-02-28
408,65,09-15-2025
409,41,2026-02-11
410,243,27/01/2025
411,43,2025-06-09
412,200,11/09/2025
413,65,2025-06-24
414,167,04-24-2026
415,140,05-19-2025
416,91,2026-04-13
417,289,2026-07-01
418,277,2025-04-02
419,134,2025-01-11
420,70,2026-04-26
421,252,2026-05-04
422,150,2025-01-08
423,288,2025-09-13
424,200,2025-08-14
425,123,2025-10-06
426,138,2025-03-12
427,234,06/10/2025
428,353,2026-07-02
429,145,25/03/2026
430,363,2025-12-17
431,256,2026-04-20
432,42,2025-05-30
433,37,2025-07-05
434,196,05-05-2025
435,198,2026-03-30
436,102,2025-04-07
437,243,11-16-2025
438,22,2026-07-17
439,153,23/02/2025
440,58,2026-03-21
441,142,
442,22,2026-05-02
443,46,2026-05-27
444,31,07/06/2025
445,65,11-21-2025
446,178,
447,194,2025-05-18
448,225,2026-07-10
449,96,28/11/2025
450,284,2026-06-28
451,135,2026-04-10
452,195,2025-01-20
453,123,2025-03-06
454,199,25/05/2026
455,145,2025-11-26
456,35,2025-05-13
457,55,2025-04-12
458,199,2026-06-23
459,26,2025-03-14
460,252,2025-03-23
461,185,02/03/2026
462,30,2025-09-30
463,156,08-10-2025
464,119,2025-07-14
465,292,2025-07-03
466,55,2026-01-02
467,219,20/06/2025
468,259,2025-06-11
469,181,07-18-2026
470,191,17/03/2026
471,124,2025-08-08
472,131,2026-04-09
473,18,2025-01-17
474,364,
475,142,2026-06-08
476,80,2026-04-17
477,188,2025-09-13
478,48,11/08/2025
479,248,2025-04-08
480,296,02-27-2025
481,223,04/05/2025
482,6,2026-01-27
483,164,2025-06-03
484,79,02-07-2026
485,295,2025-08-16
486,76,2025-03-26
487,281,2025-03-29
488,67,2026-05-08
489,293,2026-06-21
490,221,2025-04-02
491,188,2025-11-25
492,157,2025-12-25
493,227,2026-03-28
494,103,09/06/2025
495,58,09-06-2025
496,394,2025-04-24
497,170,2026-07-05
498,133,2025-05-25
499,193,2026-06-24
500,146,2025-10-05
501,5,2025-10-05
502,185,2025-01-20
503,198,2026-01-25
504,162,2026-06-29
505,235,2025-01-23
506,157,
507,181,2025-11-06
508,257,2025-03-05
509,16,2025-10-14
510,202,31/03/2025
511,117,2025-06-06
512,169,2025-05-15
513,278,27/07/2025
514,269,03-17-2026
515,75,2025-06-11
516,61,30/05/2025
517,212,2025-11-07
518,141,2025-07-12
519,137,2025-08-25
520,14,2026-05-04
521,241,2026-01-18
522,243,2025-07-17
523,8,2026-02-27
524,104,2025-03-09
525,225,2026-05-17
526,127,2025-02-12
527,161,2026-07-04
528,20,2026-04-08
529,126,02-10-2026
530,199,2025-02-20
531,156,2025-10-20
532,28,2025-05-26
533,47,2025-04-26
534,280,
535,233,26/07/2025
536,166,17/06/2025
537,59,2026-01-07
538,262,2025-06-13
539,88,2025-06-03
540,27,13/11/2025
541,148,01/05/2025
542,2,2025-09-17
543,256,2025-01-06
544,112,2026-05-03
545,4,2026-07-15
546,107,2025-06-01
547,75,2025-11-02
548,56,2025-07-02
549,294,07-01-2025
550,185,06/04/2025
551,195,14/03/2026
552,242,2025-10-09
553,108,2025-03-01
554,271,11/05/2026
555,148,2025-11-21
556,182,2026-07-31
557,255,04/07/2025
558,149,2025-01-02
559,61,01/08/2025
560,212,2025-12-25
561,6,2025-10-16
562,154,28/11/2025
563,171,30/01/2025
564,174,05-06-2026
565,70,17/04/2026
566,172,02-28-2026
567,267,
568,296,2025-12-29
569,16,2026-01-20
570,293,2025-07-11
571,158,19/11/2025
572,45,2025-09-01
573,155,2025-11-06
574,20,
575,248,2025-06-07
576,269,2025-12-02
577,265,2025-05-16
578,199,2026-06-19
579,23,2025-03-31
580,53,2025-11-16
581,108,2025-07-17
582,226,2025-10-07
583,8,2026-07-28
584,180,2025-10-05
585,146,2025-06-25
586,174,2025-02-21
587,26,2025-02-25
588,229,2025-11-16
589,274,2026-04-22
590,240,2025-11-14
591,239,2025-08-18
592,133,2026-02-06
593,170,2025-11-29
594,244,2026-05-06
595,179,2025-05-11
596,55,14/03/2025
597,206,2025-09-02
598,247,2025-12-15
599,221,2026-03-22
600,121,21/03/2025
601,250,2026-04-20
602,228,2026-02-20
603,195,2025-03-04
604,298,01/01/2025
605,232,2026-02-04
606,106,2025-11-21
607,156,22/03/2026
608,46,2026-06-07
609,151,
610,287,2026-01-03
611,16,2026-02-08
612,208,2026-07-13
613,72,29/01/2026
614,214,2025-05-09
615,9,2026-05-14
616,70,02/03/2026
617,218,2026-04-11
618,231,2025-08-20
619,296,31/08/2025
620,280,02-04-2025
621,189,05-09-2026
622,270,2025-10-14
623,46,2025-03-21
624,297,02-24-2025
625,6,06-09-2026
626,170,2025-10-29
627,156,2025-09-24
628,87,26/10/2025
629,147,2025-05-10
630,143,2025-10-15
631,58,2025-06-04
632,90,2025-08-30
633,17,03-28-2025
634,79,27/02/2026
635,226,2025-06-21
636,177,28/09/2025
637,86,2026-05-03
638,273,2026-02-04
639,378,2026-01-27
640,22,2026-06-29
641,222,2025-10-07
642,51,2026-02-05
643,124,2025-07-19
644,93,2025-01-11
645,7,2026-06-22
646,113,
647,48,08-11-2025
648,62,2025-05-14
649,290,09/07/2025
650,130,2025-03-19
651,142,2025-11-28
652,142,2026-01-27
653,133,2025-09-29
654,103,2025-07-02
655,277,2025-08-12
656,227,2025-04-16
657,129,20/01/2025
658,1,2026-02-04
659,201,12/06/2026
660,245,
661,247,07-03-2026
662,156,2025-04-03
663,175,16/04/2026
664,104,02-10-2025
665,154,2025-04-20
666,44,25/03/2026
667,99,2025-09-02
668,277,2026-05-27
669,231,2025-01-17
670,22,05/08/2025
671,235,2026-07-04
672,37,
673,24,2025-05-14
674,158,2025-04-10
675,33,2025-04-19
676,113,2025-07-27
677,206,2026-07-13
678,110,2025-06-27
679,73,2025-06-22
680,225,2025-02-11
681,193,17/01/2025
682,4,02/04/2025
683,146,2026-05-03
684,139,2026-02-26
685,20,2026-05-27
686,155,2025-01-05
687,272,06/01/2026
688,260,2025-08-02
689,77,2026-05-01
690,23,2026-01-08
691,172,2026-04-10
692,276,2025-01-30
693,121,2025-11-30
694,167,2025-04-23
695,212,20/01/2026
696,300,2026-03-23
697,233,2026-01-18
698,184,2025-07-27
699,292,2025-05-20
700,215,2025-12-18
701,81,2025-06-24
702,118,2026-06-19
703,243,2025-10-13
704,127,2026-03-21
705,77,2025-01-06
706,241,2026-06-01
707,246,2025-04-11
708,286,02-21-2026
709,152,2025-04-03
710,83,01-25-2025
711,71,2026-02-20
712,238,02/01/2025
713,171,2025-10-31
714,278,01/08/2025
715,172,2025-02-26
716,187,2025-04-24
717,21,2025-06-29
718,288,2025-07-29
719,277,05/05/2026
720,108,2025-08-19
721,258,2025-10-11
722,232,24/06/2026
723,273,30/06/2026
724,189,2025-03-09
725,45,2025-07-03
726,56,2025-04-25
727,105,2025-01-24
728,278,2026-05-01
729,11,2025-03-06
730,267,2026-02-26
731,168,27/06/2026
732,156,2025-11-10
733,248,23/10/2025
734,181,2025-06-20
735,275,29/06/2025
736,79,2025-04-30
737,65,2026-01-14
738,18,2025-12-19
739,84,05-05-2025
740,256,04-15-2026
741,280,2025-12-06
742,149,31/05/2025
743,227,26/04/2025
744,72,2025-04-30
745,113,2025-04-05
746,100,16/08/2025
747,101,06/07/2026
748,45,2026-02-08
749,262,2026-01-05
750,219,2026-01-17
751,158,2026-07-29
752,228,02/03/2026
753,218,2026-03-01
754,45,2025-11-07
755,172,2026-01-20
756,140,2026-07-24
757,71,2026-01-26
758,155,2025-11-08
759,115,2025-01-03
760,242,2025-10-22
761,126,2025-10-11
762,186,23/03/2026
763,244,2025-05-03
764,9,2025-06-16
765,237,2025-05-19
766,185,2025-12-31
767,40,07/07/2025
768,86,20/11/2025
769,155,2026-01-07
770,383,2025-10-16
771,175,2025-06-16
772,114,2026-07-27
773,270,19/07/2026
774,214,2025-03-20
775,9,2025-11-16
776,227,20/06/2026
777,156,2025-05-02
778,73,2025-11-11
779,41,2025-04-25
780,221,2025-04-21
781,31,2025-09-17
782,6,05-07-2025
783,103,2025-12-26
784,143,2025-12-23
785,124,2025-03-11
786,8,07-16-2025
787,396,04-12-2025
788,244,2025-07-09
789,93,2026-01-24
790,209,2025-11-18
791,70,05/01/2026
792,21,2026-05-21
793,160,2026-03-31
794,220,13/03/2025
795,189,2026-05-19
796,268,2025-03-29
797,53,2025-06-22
798,174,2026-02-18
799,256,07/10/2025
800,205,02-19-2026
801,76,2025-04-21
802,119,2025-05-18
803,35,01-28-2025
804,168,09/04/2025
805,267,2026-04-23
806,252,2026-07-10
807,398,02-02-2025
808,61,19/11/2025
809,19,2026-07-25
810,85,2025-05-18
811,57,2026-05-18
812,293,30/07/2026
813,201,2026-01-22
814,146,2025-01-29
815,188,28/01/2025
816,195,12-20-2025
817,29,2025-09-11
818,44,09/03/2025
819,370,2025-02-08
820,291,2026-03-08
821,12,2026-01-22
822,51,2025-04-13
823,255,2025-12-14
824,224,19/03/2025
825,148,11-01-2025
826,116,05/04/2025
827,173,2026-06-28
828,40,2025-11-06
829,277,2026-03-01
830,233,
831,265,2026-05-27
832,240,30/06/2026
833,223,2025-03-03
834,76,04/11/2025
835,33,2026-02-27
836,83,2025-08-30
837,99,2025-11-14
838,224,2025-02-07
839,15,2025-10-12
840,22,13/05/2026
841,43,02/11/2025
842,209,2025-04-03
843,72,05-28-2026
844,298,2026-06-22
845,122,2025-11-17
846,200,08-30-2025
847,55,2025-10-09
848,29,2026-01-19
849,280,09-10-2025
850,75,
851,18,2025-02-25
852,123,2026-01-29
853,186,2025-05-05
854,227,02-07-2026
855,155,2025-08-30
856,83,21/11/2025
857,209,08/10/2025
858,252,02-27-2026
859,217,13/04/2025
860,260,2026-03-07
861,168,29/01/2025
862,95,2025-05-20
863,157,2025-03-26
864,67,25/02/2026
865,245,2025-05-17
866,168,2025-07-23
867,202,
868,286,08-23-2025
869,102,2025-06-22
870,134,2026-01-12
871,8,22/03/2026
872,254,2025-07-28
873,137,2026-05-22
874,106,17/10/2025
875,93,2025-05-30
876,121,2025-09-12
877,235,2026-04-26
878,204,28/01/2026
879,132,2026-07-25
880,121,12-29-2025
881,382,2026-01-26
882,190,2026-07-27
883,87,14/12/2025
884,163,2026-03-20
885,23,27/05/2026
886,185,10-17-2025
887,136,23/03/2026
888,252,2025-06-04
889,226,2025-06-02
890,241,2026-04-24
891,254,01-01-2026
892,235,2025-06-01
893,146,22/06/2025
894,289,2025-08-06
895,270,2025-07-04
896,256,2025-12-03
897,63,19/04/2025
898,42,2026-05-07
899,3,2025-02-14
900,167,2025-05-13
901,145,26/02/2025
902,196,2025-09-19
903,205,2025-08-02
904,146,2025-06-07
905,222,11-14-2025
906,184,2026-01-12
907,199,2026-07-31
908,217,2025-07-10
909,21,2026-04-20
910,80,2026-06-24
911,149,03-23-2025
912,77,04/11/2025
913,152,2026-07-19
914,56,2026-02-27
915,292,2025-12-30
916,397,2026-04-19
917,202,03/03/2026
918,233,2026-04-06
919,96,22/03/2025
920,55,2025-01-19
921,88,2026-04-17
922,250,2026-01-05
923,203,
924,58,12/07/2025
925,75,23/03/2026
926,276,05/11/2025
927,217,06-20-2025
928,228,2026-04-28
929,125,
930,222,23/05/2026
931,284,2025-02-07
932,250,2025-03-04
933,162,02/10/2025
934,243,2025-12-22
935,83,2025-07-16
936,260,12-14-2025
937,240,28/10/2025
938,214,04/01/2026
939,83,2025-10-17
940,248,2025-07-24
941,213,2026-05-21
942,25,03/01/2026
943,82,2026-05-31
944,221,2025-08-21
945,133,30/12/2025
946,286,04/06/2025
947,54,25/03/2026
948,57,15/04/2025
949,54,01/05/2025
950,81,29/03/2026
951,51,2026-01-08
952,104,
953,243,2026-06-02
954,213,2025-09-09
955,216,22/05/2025
956,210,13/06/2026
957,16,11/01/2025
958,36,2025-11-19
959,223,2025-02-07
960,295,06-17-2026
961,284,
962,144,31/05/2025
963,106,2026-03-29
964,208,2025-11-05
965,200,2025-05-10
966,110,2026-07-20
967,82,2026-07-07
968,156,2026-06-02
969,191,2026-06-04
970,64,2025-01-06
971,298,01/07/2026
972,154,24/05/2025
973,127,2026-06-13
974,185,31/05/2025
975,42,12/03/2026
976,229,2026-06-23
977,203,2026-05-26
978,251,03/03/2026
979,66,2026-04-14
980,271,2025-08-06
981,81,01-14-2026
982,210,2026-01-14
983,79,11-09-2025
984,249,2025-05-27
985,25,09/11/2025
986,385,2025-12-24
987,247,04-09-2026
988,244,16/05/2025
989,236,2026-04-05
990,46,2026-02-24
991,174,30/03/2026
992,85,2025-11-13
993,287,2026-07-09
994,292,
995,273,2025-01-20
996,297,2026-07-01
997,24,2025-01-24
998,13,2025-11-21
999,51,2025-10-20
1000,46,2026-02-22
1001,167,2025-03-01
1002,73,2025-11-28
1003,62,03/09/2025
1004,253,2026-06-01
1005,32,2026-07-21
1006,209,2025-01-20
1007,52,2026-07-23
1008,291,27/03/2025
1009,73,22/06/2025
1010,217,
1011,238,2025-10-24
1012,31,2026-05-09
1013,195,2025-08-06
1014,24,2026-07-01
1015,203,24/05/2025
1016,222,06-01-2026
1017,176,2026-04-09
1018,165,04-16-2026
1019,69,
1020,5,2026-02-28
1021,251,2026-07-06
1022,40,2026-04-01
1023,193,2026-01-02
1024,5,01-15-2026
1025,114,2025-10-15
1026,99,07/11/2025
1027,253,2025-02-07
1028,390,2026-02-10
1029,257,2026-07-20
1030,290,12/05/2025
1031,292,20/06/2026
1032,12,2026-06-30
1033,377,23/02/2025
1034,209,2026-06-15
1035,23,2025-08-18
1036,273,2025-01-06
1037,293,08-20-2025
1038,39,2025-07-21
1039,50,19/03/2026
1040,172,2025-09-11
1041,175,2025-12-08
1042,38,26/03/2026
1043,297,03-04-2025
1044,34,03-05-2025
1045,155,2026-03-19
1046,287,2026-01-26
1047,211,2025-01-11
1048,220,2025-04-14
1049,14,2025-12-03
1050,7,2025-03-11
1051,294,2026-06-06
1052,228,21/05/2025
1053,160,06-10-2026
1054,160,09/07/2026
1055,159,
1056,75,04/06/2026
1057,28,07-20-2025
1058,104,2025-12-16
1059,240,06/12/2025
1060,172,2026-03-05
1061,22,2025-01-04
1062,239,2025-09-02
1063,170,2026-01-20
1064,4,2025-03-17
1065,73,2025-07-19
1066,185,2025-01-31
1067,113,2025-06-28
1068,92,30/06/2025
1069,11,2025-05-21
1070,57,2025-08-04
1071,191,06-24-2026
1072,223,2025-03-08
1073,67,2025-07-16
1074,163,09-08-2025
1075,97,29/10/2025
1076,28,14/10/2025
1077,300,03/08/2025
1078,34,02/02/2026
1079,261,2026-06-16
1080,192,10/05/2026
1081,138,2025-02-07
1082,232,2026-02-10
1083,194,2026-01-19
1084,44,2026-06-16
1085,239,2025-12-11
1086,210,2026-05-25
1087,92,2025-09-29
1088,43,2026-05-29
1089,142,2025-04-11
1090,280,2025-07-21
1091,141,05-22-2025
1092,279,09/01/2025
1093,178,02-18-2026
1094,7,06-09-2026
1095,204,2025-08-03
1096,283,2026-04-18
1097,97,2026-03-04
1098,286,2025-05-23
1099,5,2025-12-30
1100,207,2026-07-05
1101,291,2025-05-23
1102,170,02-05-2026
1103,201,2026-01-31
1104,292,2025-11-08
1105,284,2026-05-16
1106,198,2025-08-27
1107,233,2026-06-15
1108,211,2025-04-24
1109,36,2025-07-31
1110,222,2026-05-02
1111,159,30/05/2026
1112,359,2026-04-02
1113,127,2026-05-18
1114,47,2026-04-13
1115,153,2025-06-29
1116,222,2025-07-07
1117,23,2025-06-11
1118,150,2025-03-10
1119,112,02-26-2026
1120,189,2025-04-18
1121,210,2025-09-16
1122,14,2026-04-18
1123,100,2025-01-11
1124,70,2026-04-21
1125,281,2026-03-25
1126,83,2025-01-19
1127,64,2026-02-05
1128,6,2025-06-07
1129,18,2026-06-30
1130,268,2025-04-16
1131,27,19/02/2025
1132,128,
1133,15,12/12/2025
1134,33,09/04/2025
1135,86,2025-02-15
1136,168,2025-07-14
1137,203,2025-05-04
1138,166,
1139,109,2025-03-09
1140,189,2025-08-12
1141,256,15/04/2025
1142,292,2025-04-08
1143,199,2025-05-17
1144,163,
1145,300,2026-06-08
1146,7,2025-05-08
1147,125,2025-03-03
1148,104,2025-07-29
1149,228,2025-12-03
1150,21,2026-03-01
1151,13,2025-12-06
1152,28,12/09/2025
1153,114,2026-01-26
1154,4,2026-05-19
1155,73,2025-05-09
1156,105,2025-03-22
1157,85,2025-09-08
1158,156,04-05-2026
1159,247,2026-01-04
1160,226,20/03/2026
1161,374,14/03/2026
1162,154,2025-06-06
1163,195,2026-04-10
1164,247,20/05/2025
1165,382,2026-01-19
1166,203,2026-01-18
1167,37,02-09-2025
1168,290,03-23-2026
1169,179,2026-05-16
1170,30,11/03/2026
1171,18,2026-01-06
1172,76,04-12-2026
1173,127,2025-06-15
1174,197,2025-03-24
1175,217,2026-03-14
1176,273,2026-01-27
1177,46,19/12/2025
1178,108,
1179,87,2025-01-02
1180,214,23/10/2025
1181,192,2025-05-18
1182,57,2025-08-06
1183,94,2025-07-16
1184,210,22/04/2025
1185,151,2025-05-08
1186,300,2026-05-12
1187,32,2025-01-08
1188,22,19/06/2026
1189,267,09-30-2025
1190,173,2025-12-11
1191,162,2026-01-05
1192,30,
1193,206,2025-05-23
1194,272,2025-09-12
1195,244,2025-07-12
1196,373,02-16-2025
1197,228,2026-05-12
1198,42,05-03-2026
1199,52,2025-10-28
1200,267,2026-06-01
1201,45,07-16-2026
1202,229,2026-05-09
1203,109,2025-04-02
1204,15,12-01-2025
1205,113,05-03-2026
1206,70,2026-05-19
1207,115,2025-03-08
1208,196,07-30-2026
1209,120,2025-04-29
1210,175,12/07/2025
1211,189,11-17-2025
1212,1,2026-07-03
1213,217,09/01/2026
1214,65,
1215,236,31/10/2025
1216,234,2025-10-18
1217,18,2025-11-13
1218,141,2026-05-05
1219,150,2026-01-21
1220,79,04/08/2025
1221,116,02-23-2025
1222,250,11-03-2025
1223,82,2026-07-16
1224,243,2026-02-05
1225,145,19/07/2025
1226,50,25/02/2025
1227,235,2025-05-21
1228,75,
1229,295,2025-06-01
1230,87,2025-04-09
1231,27,2026-06-12
1232,77,2026-02-18
1233,204,2025-06-26
1234,46,2026-01-27
1235,357,2025-03-26
1236,261,2026-05-07
1237,93,2026-03-21
1238,167,2026-07-05
1239,11,04/07/2026
1240,33,06/07/2026
1241,64,08-01-2025
1242,93,2025-07-04
1243,161,2025-05-12
1244,45,2025-02-05
1245,153,2026-07-12
1246,1,02-17-2025
1247,151,2026-04-01
1248,161,2025-12-27
1249,51,2025-02-15
1250,154,08-09-2025
1251,111,2025-10-12
1252,39,2025-09-24
1253,205,2025-09-18
1254,74,2025-03-14
1255,99,2026-06-08
1256,79,2026-03-21
1257,127,2025-05-08
1258,209,2025-04-02
1259,140,2025-08-20
1260,114,18/04/2025
1261,270,2025-11-10
1262,49,2025-10-16
1263,25,2026-02-03
1264,273,2026-02-17
1265,5,2025-06-09
1266,291,02-24-2025
1267,190,2025-09-13
1268,235,29/12/2025
1269,142,06-18-2026
1270,118,03-31-2025
1271,161,2025-03-23
1272,48,2025-02-28
1273,253,01-11-2025
1274,261,2025-05-20
1275,273,2026-02-20
1276,4,02/07/2026
1277,271,2025-02-13
1278,269,2025-06-29
1279,264,2025-02-22
1280,192,12-13-2025
1281,277,2025-05-01
1282,136,2026-02-08
1283,264,02-06-2025
1284,250,2025-01-07
1285,182,25/12/2025
1286,377,2026-05-19
1287,79,2026-05-15
1288,129,2026-02-09
1289,94,2025-10-03
1290,225,
1291,102,2025-10-19
1292,170,2025-06-14
1293,137,2026-05-16
1294,66,2026-02-14
1295,200,21/04/2025
1296,177,2025-08-31
1297,220,2025-01-09
1298,249,2026-03-16
1299,262,15/10/2025
1300,127,2026-03-16
1301,53,2026-05-30
1302,77,2025-05-16
1303,99,2026-03-13
1304,27,2026-06-22
1305,119,2026-03-13
1306,27,2025-10-03
1307,215,
1308,165,2026-04-29
1309,221,2026-05-19
1310,50,20/07/2026
1311,185,06/01/2026
1312,191,2025-10-10
1313,55,2025-05-04
1314,98,04-02-2026
1315,280,05/11/2025
1316,104,2025-06-07
1317,282,07-28-2026
1318,230,05-01-2025
1319,215,31/05/2026
1320,141,2025-05-13
1321,32,14/07/2025
1322,273,2025-03-18
1323,197,2026-02-04
1324,386,
1325,263,2026-06-22
1326,152,2026-07-20
1327,274,2025-02-10
1328,143,04/10/2025
1329,128,
1330,178,2026-01-13
1331,282,2025-05-17
1332,167,11/01/2025
1333,144,2025-01-17
1334,299,01-27-2026
1335,283,2026-03-29
1336,298,2026-02-09
1337,223,2026-05-06
1338,95,2025-06-30
1339,93,2025-01-22
1340,202,2025-07-12
1341,126,2026-02-17
1342,7,2026-01-22
1343,7,2025-02-14
1344,138,
1345,55,13/12/2025
1346,72,31/07/2026
1347,158,2025-06-08
1348,137,2025-05-07
1349,279,08/06/2026
1350,1,2025-01-25
1351,181,08-20-2025
1352,58,2025-04-23
1353,145,2025-12-08
1354,44,2025-06-04
1355,93,03/06/2025
1356,147,2025-04-17
1357,189,20/03/2025
1358,77,2025-05-31
1359,245,2025-04-26
1360,143,11-27-2025
1361,198,2026-05-22
1362,212,2025-12-08
1363,126,2026-07-17
1364,273,2025-08-24
1365,216,13/08/2025
1366,2,2025-01-18
1367,69,03-03-2025
1368,72,28/05/2025
1369,216,2025-08-18
1370,74,2025-01-27
1371,28,2025-03-17
1372,81,2026-01-10
1373,7,2026-03-03
1374,72,2025-11-03
1375,228,2025-01-14
1376,17,
1377,217,2026-04-11
1378,293,2025-08-21
1379,48,09/05/2025
1380,29,08/07/2025
1381,40,2026-04-25
1382,208,2025-06-18
1383,218,2025-04-22
1384,172,2025-10-16
1385,109,2025-11-13
1386,17,03-29-2025
1387,289,2026-05-11
1388,372,10-17-2025
1389,162,12-31-2025
1390,50,2026-05-31
1391,77,2026-01-27
1392,20,2025-06-05
1393,48,26/08/2025
1394,73,06-14-2025
1395,268,2025-12-16
1396,149,2026-03-18
1397,199,03-18-2025
1398,255,2025-01-16
1399,281,2025-03-31
1400,87,2025-06-15
